﻿File Name,Defect Type,Defect Description,Unified Defect Category
simple_1.v,Operators,assign q == reset ? 0 : (set ? 1 : (clk ? d : q)); // assignment operator use '=' instead of '==',Syntax Structure
simple_2.v,Syntax Structure,assign q = clk ? d : q； // chinese punctuation is not allowed,Syntax Structure
simple_3.v,Signal Usage,data_out <= temp; // 'temp' is not defined,Signal Usage
simple_4.v,Signal Usage,always @(posedge clk) // 'clk' is not declared,Signal Usage
simple_5.v,Signal Usage,assign out = count >4; // using of undeclared signal 'out' is not allowed,Signal Usage
simple_6.v,Syntax Structure,if-end // Verilog language does not have if-end if structure,Syntax Structure
simple_7.v,Signal Usage,enable = 1'b0; // 'enable' not declared as a variable of type reg,Signal Usage
simple_8.v,Sensitivity List,always @(posedge a or b) // sensitivity list error,Sensitivity List Errors
simple_9.v,Operators,"always @(in0 or in1 or in2 or in3 or sel) // sensitivity list error, missing identifier '@'",Syntax Structure
simple_10.v,Sensitivity List,always @(posedge clk and posedge reset) // sensitivity list error,Sensitivity List Errors
simple_11.v,Logic Synthesis,begin c = a + b; // 'end' keyword is missing,Logic Synthesis Anomalies
simple_12.v,Sensitivity List,always @(posedge clk and posedge clr) // 'and' -> 'or',Sensitivity List Errors
simple_13.v,Sensitivity List,always @(@; b; c; d; sel) // wrong signal connective word in sensitive list,Sensitivity List Errors
simple_14.v,Bit width Usage,assign sum = a + b; // the operation may cause numerical overflow,Bit-width Mismatch
simple_15.v,Signal Usage,"not (sel_, sel); and (out, a, b, sel_); // using undefined signal 'sel_' is not allowed",Signal Usage
simple_16.v,Sensitivity List,always @ (select or a or b or c) // incomplete sensitivity list,Sensitivity List Errors
simple_17.v,Race or Hazard,assign common_bus = bus_driver1; assign common_bus = bus_driver2; // race condition,Race Conditions
simple_18.v,Operators,if (reset = 1'b1) begin // using '==' for conditional judgment,Syntax Structure
simple_19.v,Operators,count = count + 1; // sequential logic using non-blocking assignments,Syntax Structure
simple_20.v,Signal Usage,reg [7:0] internal_data // 'internal_data' port type not declared,Signal Usage
simple_21.v,Module Instances,"and (a,b,c); // 'input' type cannot be instantiated into 'output'",Module Port Faults
simple_22.v,Sensitivity List,always @() begin // sensitivity list error,Sensitivity List Errors
simple_23.v,Race or Hazard,out <= a & b; out <= a | b; // hazard condition,Race Conditions
simple_24.v,Race or Hazard,out <= a & (~ b); out <= a | b; // hazard condition,Race Conditions
simple_25.v,Sensitivity List,always @(posedge clk or posedge clr or state) // sensitivity list error,Sensitivity List Errors
simple_26.v,Signal Usage,always @(posedge clk or posedge reset) // using undeclared signals 'clk' is not allowed,Signal Usage
simple_27.v,Race or Hazard,if (reset) out <= 0; else out <= 1; // hazard condition,Race Conditions
simple_28.v,Bit width Usage,result <= 2'b0; // 'result' undeclared width may result in bit width error,Bit-width Mismatch
simple_29.v,Sensitivity List,always @(edge clk) begin // sensitive list has no signal 'reset',Sensitivity List Errors
simple_30.v,Operators,assign c = a + b; // reg type variables should use sequential logic,Syntax Structure
medium_1.v,Signal Usage,input in1; // 'in1' signal duplicate declaration,Signal Usage
medium_2.v,Bit width Usage,data_out <= 7'b0; // signal bit width error,Bit-width Mismatch
medium_3.v,Module Instances,"lookup m4(outd, seconda, secondb, clk); // 'm4' is instanced twice",Module Port Faults
medium_4.v,Bit width Usage,yout_r <= 32'h00000000000000000000000000000000; // signal bit width error,Bit-width Mismatch
medium_5.v,Sensitivity List,always @(posedge clk || posedge clr) // '||' should be modified to 'or',Sensitivity List Errors
medium_6.v,Bit width Usage,internal_data <= 8'b0; // 'data' does not specify data width,Bit-width Mismatch
medium_7.v,Bit width Usage,internal_reg <= 7'd0; // bit width mismatch,Bit-width Mismatch
medium_8.v,Logic Synthesis,default: out=2'bx; // indeterminate state (x),Logic Synthesis Anomalies
medium_9.v,Logic Synthesis,"calculate calculate_1 (.out(out), .A(A), .B(B), .opt(opt), .tmp()); // 'tmp' signal port is floating",Logic Synthesis Anomalies
medium_10.v,Sensitivity List,always @(posedge clk or reset) begin // mixed conditions in sensitivity list,Sensitivity List Errors
medium_11.v,Module Instances,"calculate calculate_1 (.out(A), .A(A), .B(B), .opt(opt)); // mixed instantiation methods are not allowed",Module Port Faults
medium_12.v,Bit width Usage,crc <= 7'h00; // bit width error,Bit-width Mismatch
medium_13.v,Syntax Structure,module medium_13 (...) // missing semicolon in statement,Syntax Structure
medium_14.v,Bit width Usage,assign sum = a + b; // bit width mismatch,Bit-width Mismatch
medium_15.v,Logic Synthesis,z = 8'bZZ; // high impedance state (z),Logic Synthesis Anomalies
medium_16.v,Sensitivity List,always @ (a || b || sel) // wrong signal connective word in sensitive list,Sensitivity List Errors
medium_17.v,Module Instances,and (count); // 'and' logic gates need at least two input type ports,Module Port Faults
medium_18.v,Sensitivity List,"always @ (a, b, c, d, e, f, g or h) // wrong signal connective word in sensitive list",Sensitivity List Errors
medium_19.v,Syntax Structure,module medium_19(...);; // two semicolons in the statement,Syntax Structure
medium_20.v,Sensitivity List,always @ (a | b) // wrong signal connective word in sensitivity list,Sensitivity List Errors
medium_21.v,Operators,if (rst_n) // ! rst_n,Syntax Structure
medium_22.v,Module Instances,"sub_module uut (.a(in1), .b(in2), .y(out1)); // port 'z' is not connected",Module Port Faults
medium_23.v,Bit width Usage,"assign {cout, sum} = ina + inb + cin; // numerical overflow",Bit-width Mismatch
medium_24.v,Port Type,assign even_bit = ~ input_bus; // wrong port type,Module Port Faults
medium_25.v,Module Instances,"calculate calculate_1 (.out(out), .A(A), .B(B), .opt(opt)); // 'tmp' signal is not instantiated",Module Port Faults
medium_26.v,Reserved words,elif (load) // reserved word 'elif' is not allowed in Verilog,Reserved Word Misuse
medium_27.v,Combinational or Sequential,count = 4'b0000; // using non-blocking assignments in sequential logic,Logic Synthesis Anomalies
medium_28.v,Combinational or Sequential,b = a; // using non-blocking assignments in sequential logic,Logic Synthesis Anomalies
medium_29.v,Port Type,assign data_out = internal_reg; // the signal type is wire in combinational logic,Module Port Faults
medium_30.v,Logic Synthesis,count <= count + 1; // asynchronous reset causes metastability,Logic Synthesis Anomalies
complex_1.v,Bit width Usage,reg [7:0] temp_reg; // bit width mismatch,Bit-width Mismatch
complex_2.v,Sensitivity List,always @(a | b || sel) // wrong signal connective word in sensitive list,Sensitivity List Errors
complex_3.v,Race or Hazard,q <= ~ d; // hazard condition,Race Conditions
complex_4.v,Logic Synthesis,"default: {a, b, c, d, e, f, g} = 7'bx; // indeterminate state (x)",Logic Synthesis Anomalies
complex_5.v,Reserved words,input wire [3:0] cell; // reserved word 'cell' cannot be used as signal names,Reserved Word Misuse
complex_6.v,Signal Usage,"input tmp, // 'tmp' signal is not driven",Signal Usage
complex_7.v,Syntax Structure,assign tri_out = en ? n : ? b'00; // numerical representation error,Syntax Structure
complex_8.v,Signal Usage,"input wire reset, // 'reset' signal is not driven",Signal Usage
complex_9.v,Port Type,output reg cout // using wire variables in combinational logic,Module Port Faults
complex_10.v,Sensitivity List,always @(negedge clk) // clock edge error,Sensitivity List Errors
complex_11.v,Bit width Usage,output reg[0:0] q; // bit width error,Bit-width Mismatch
complex_12.v,Operators,assign c = a && b; // '&' performs bitwise logical AND operation,Syntax Structure
complex_13.v,Race or Hazard,assign gt = (a > b); // the case where a and b are equal is not considered,Race Conditions
complex_14.v,Module Instances,"sub_module uut (.in1(a), .in2(b), .out(out)); // inconsistent bit width during instantiation",Module Port Faults
complex_15.v,Syntax Structure,endcase // case statement missing 'default',Syntax Structure
complex_16.v,Race or Hazard,y <= c ^ d; // race condition,Race Conditions
complex_17.v,Sensitivity List,always @(in1 or in2 or in3 or in4 or cntrl1 or cntrl2 or cntrl3) // sensitivity list redundancy,Sensitivity List Errors
complex_18.v,Module Instances,"sub_module uut (.data(data), .clk(clk)); // wrong port type during instantiation",Module Port Faults
complex_19.v,Signal Usage,always @ (a) // incomplete sensitivity list,Signal Usage
complex_20.v,Bit width Usage,assign F = ~((A[0] & B[0]) | (C[0] & D[0])); // signal bit width redundancy,Bit-width Mismatch
complex_21.v,Signal Usage,output reg[0:0] qout; // 'qout' signal is not driven,Signal Usage
complex_22.v,Signal Usage,reg [7:0] counter = 8'b0; // signal bit width redundancy,Signal Usage
complex_23.v,Race or Hazard,shared_var <= data_in; // race condition,Race Conditions
complex_24.v,Race or Hazard,data <= in; tmp <= data; out <= tmp; // hazard condition,Race Conditions
complex_25.v,Reserved words,int i; // reserved word 'int' is not allowed in Verilog,Reserved Word Misuse
complex_26.v,Race or Hazard,// race condition,Race Conditions
complex_27.v,Race or Hazard,// race condition,Race Conditions
complex_28.v,Bit width Usage,"input [15:0] b, // signal width mismatch",Bit-width Mismatch
complex_29.v,Bit width Usage,assign end_cnt = ready_add && (count == 4'd3); // signal bit width error,Bit-width Mismatch
complex_30.v,Port Type,output [6:0] y; // wrong port type,Module Port Faults
